{
  "requests": 2000,
  "ok": 1000,
  "fail": 1000,
  "latency_ms": {
    "p50": 379.242763039656,
    "p90": 468.4086859924719,
    "p95": 482.81791200861335,
    "max": 522.89775502868
  }
}
