{
  "summary": {
    "requests": 400,
    "ok": 200,
    "fail": 200,
    "latency_ms": {
      "p50": 154.75753392092884,
      "p90": 213.96988001652062,
      "p95": 227.69008006434888,
      "max": 385.03565499559045
    }
  },
  "latencies_ms": [
    91.6798390680924,
    107.1423920802772,
    109.30683906190097,
    115.68913399241865,
    116.67641601525247,
    117.15935997199267,
    118.44292201567441,
    118.72995097655803,
    119.1219980828464,
    119.29646297357976,
    121.45452597178519,
    121.47393205668777,
    122.05842498224229,
    123.21596802212298,
    123.574357945472,
    123.76760598272085,
    124.54249802976847,
    126.27205799799412,
    126.33615999948233,
    126.74131710082293,
    126.87687994912267,
    127.00839200988412,
    127.5631949538365,
    129.80102899018675,
    131.10325194429606,
    132.18888000119478,
    132.26059800945222,
    132.42056500166655,
    132.70456297323108,
    133.72583303134888,
    133.9190179714933,
    134.12074593361467,
    134.34832403436303,
    134.37546498607844,
    134.43796301726252,
    134.67441394459456,
    134.94663196615875,
    134.95762692764401,
    135.1826849859208,
    135.44089999049902,
    135.8070899732411,
    136.0173630528152,
    136.47779007442296,
    136.56905700918287,
    136.91564393229783,
    137.28325790725648,
    137.37948995549232,
    137.54512695595622,
    138.5254099732265,
    139.06089297961444,
    139.8413450224325,
    140.07277402561158,
    140.26643196120858,
    141.11347403377295,
    141.5143220219761,
    141.62853104062378,
    141.98034000582993,
    141.9888469390571,
    142.17800099868327,
    142.2777249244973,
    142.41927803959697,
    142.63345196377486,
    142.79939699918032,
    142.92769192252308,
    144.0291809849441,
    144.17527394834906,
    144.27980198524892,
    144.571170094423,
    144.92881402838975,
    144.96206596959382,
    145.52681101486087,
    146.904558991082,
    147.2191329812631,
    147.3175419960171,
    147.43360097054392,
    148.0750710470602,
    148.10743101406842,
    148.3523469651118,
    148.75831897370517,
    149.34311795514077,
    149.98784894123673,
    151.25169791281223,
    151.33364300709218,
    151.7384930048138,
    151.9807690056041,
    152.31356595177203,
    152.58121700026095,
    152.6871450478211,
    152.8159009758383,
    152.91021298617125,
    153.0915789771825,
    153.12595793511719,
    153.26800104230642,
    153.77157600596547,
    153.80133292637765,
    153.88866502325982,
    154.01501208543777,
    154.3360339710489,
    154.36663397122175,
    154.43037694785744,
    154.75753392092884,
    155.04520607646555,
    155.06817493587732,
    155.10448301211,
    155.1202629925683,
    155.6689969729632,
    155.92570102307945,
    156.00677498150617,
    156.0168880969286,
    156.02539002429694,
    156.31566394586116,
    156.73329401761293,
    156.88237396534532,
    156.95402305573225,
    157.09060803055763,
    157.22823899704963,
    157.25407504942268,
    157.37079794052988,
    157.76510001160204,
    158.1893030088395,
    158.48171000834554,
    158.62819296307862,
    159.22816598322242,
    159.5162620069459,
    159.81696301605552,
    159.9641079083085,
    160.38831300102174,
    160.4940720135346,
    161.20302211493254,
    163.36187405977398,
    163.50857098586857,
    163.59957703389227,
    163.63991296384484,
    163.73779298737645,
    164.6657839883119,
    164.9590489687398,
    165.1589870452881,
    165.77343398239464,
    165.92370998114347,
    166.42598109319806,
    168.5652759624645,
    168.89183910097927,
    169.02647796086967,
    170.46626994851977,
    170.506771071814,
    170.75932503212243,
    171.08293995261192,
    171.2126510683447,
    171.79817194119096,
    171.9471700489521,
    171.97938496246934,
    172.31005697976798,
    173.85042493697256,
    174.31784595828503,
    174.78916503023356,
    175.35049002617598,
    175.54408498108387,
    175.7401720387861,
    175.81469600554556,
    176.86453892383724,
    177.6251730043441,
    177.69958602730185,
    180.40246306918561,
    180.47415500041097,
    182.6465530321002,
    183.4838269278407,
    183.54566500056535,
    183.9077570475638,
    183.92770795617253,
    184.53472200781107,
    184.6417309716344,
    184.83664002269506,
    188.37519898079336,
    190.60448999516666,
    190.62309293076396,
    195.0434820028022,
    200.41783200576901,
    200.89233305770904,
    202.8650880092755,
    212.52569905482233,
    213.96988001652062,
    214.15239199995995,
    217.6875889999792,
    217.79528493061662,
    217.95131999533623,
    218.00374903250486,
    218.01311697345227,
    219.53223797027022,
    224.9209020519629,
    227.58615901693702,
    227.69008006434888,
    230.23211490362883,
    231.07996408361942,
    233.49287500604987,
    238.65508404560387,
    247.75796104222536,
    248.38680599350482,
    248.63158003427088,
    249.9585469486192,
    385.03565499559045
  ]
}